gross_profit_per_market_cap,stock_symbol,Sector,is_SP500,is_profitable_3yr,is_revenue_growth_3yr,analyst_rating
0.6100743086186969,CMCSA,0,0,1,1,0
0.2041986190483038,INTC,2,0,1,1,0
0.29237668997081784,MU,2,0,1,1,1
0.0927792050095372,AAPL,2,0,1,1,0
0.09371072394258352,MSFT,2,0,1,1,1
0.13650782756036384,SIRI,0,0,1,1,1
0.9257860297775404,CZR,0,0,0,0,0
0.1326355039445486,AMD,2,0,0,1,1
0.1233871456617362,FB,2,0,1,1,1
3.0405090293868846,GSM,5,0,0,1,0
0.3725718426835445,JD,2,0,0,1,1
0.11795089246699664,AVGO,2,0,1,1,1
0.25553547124736126,AMAT,2,0,1,1,1
0.17789052767624924,ZNGA,2,0,0,1,1
0.11595063143289056,QCOM,2,0,0,0,1
0.15432590956186762,CSCO,2,0,0,1,0
0.7230242854596092,GRPN,2,0,0,1,0
0.005720477936164897,GERN,8,0,0,0,1
0.21348089266937031,GILD,8,0,0,0,0
0.1402268711717708,ATVI,2,0,1,1,1
0.1891445186085184,FLEX,2,0,0,1,1
0.15469018838404788,FOXA,0,0,0,0,0
0.21101063077096652,CVLT,2,0,0,1,1
0.5216512757027216,MAT,0,0,0,0,0
0.4605933808474058,MIK,0,0,1,1,0
0.0717946119932786,PYPL,4,0,1,1,1
0.1778784880308481,MDLZ,7,0,0,0,1
0.03891942769322507,NVDA,2,0,1,1,1
0.33262350711356004,WDC,2,0,0,1,1
0.3221364436059339,ON,2,0,1,1,1
0.5109874021479525,DISCA,0,0,0,1,0
0.43385999451803536,FITB,4,0,1,1,1
0.445116233128711,PTEN,1,0,0,1,0
0.9420072276398008,JBLU,3,0,0,1,-1
0.30947335370042284,EBAY,0,0,1,1,0
0.337853089358242,HBAN,4,0,1,1,0
0.13940338243483436,MRVL,2,0,1,0,1
0.45255895202582247,WBA,8,0,1,1,0
0.044562833796217116,CDNA,8,0,0,0,1
0.0,DISCK,0,0,0,0,0
0.24639012577155608,CDEV,1,0,0,0,0
0.1132185605488826,TXN,2,0,1,1,0
0.07206117224002538,ETSY,0,0,0,1,1
0.12762654023504894,AMZN,2,0,1,1,1
0.049920131188885226,NFLX,6,0,1,1,1
0.18255286864488762,ENTG,2,0,1,1,0
0.09097695232180666,CSX,3,0,1,1,1
0.24465876724797878,WYNN,0,0,1,1,1
0.0,FOX,0,0,0,0,0
0.36029839468101316,ZION,4,0,1,1,0
0.10014312197179376,PAYX,3,0,1,1,0
0.19192763735328988,BIIB,8,0,1,1,0
0.22390148334732718,SBUX,0,0,1,1,0
0.06884135518277149,ADSK,2,0,0,0,1
0.1664616067946973,BIDU,2,0,0,1,1
0.322844407335441,NTRS,4,0,1,1,0
0.16997407552500948,KHC,7,0,0,1,0
1.6323320036615936,AAL,3,0,0,1,0
0.21770789025359327,XRAY,8,0,0,0,0
0.46243691320119557,TMUS,6,0,1,1,1
1.5696247084777812,MOMO,2,0,1,1,0
0.20752109098665109,STX,2,0,0,0,1
0.0639760629552823,ADBE,2,0,1,1,1
0.0707232256234678,TSLA,0,0,0,1,0
0.6058651717113578,LKQ,0,0,1,1,1
-0.03574821864206477,CENX,5,0,0,0,0
0.0746832505683171,IMGN,8,0,0,0,0
0.13928146417032633,LULU,0,0,1,1,1
0.3368472437313938,STLD,5,0,0,1,0
0.1790181662170507,COST,7,0,1,1,1
0.17296413374062194,ALXN,8,0,0,1,1
0.09286160010738378,ADP,3,0,1,1,0
0.08433650267599371,MNST,7,0,1,1,1
0.008792367322870295,IDRA,8,0,0,1,1
0.1153798731543387,RIGL,8,0,0,0,1
0.18411448986858792,LRCX,2,0,1,1,1
0.1913225333517718,NXPI,2,0,1,1,1
0.8031889529165394,ENDP,8,0,0,0,0
0.14962244654637605,YNDX,2,0,1,1,1
0.1063249884123496,GOOGL,2,0,1,1,1
0.053769141207544585,OMER,8,0,0,1,1
0.09015153438451971,CGNX,2,0,1,1,0
0.15837485410751334,AMGN,8,0,1,1,0
0.08812087215304729,FSLR,2,0,0,0,0
0.3083420174432419,SLM,4,0,1,1,1
1.8069510534121338,ODP,0,0,1,0,-1
0.30385221309657207,TLGT,8,0,0,1,0
0.5444043163725656,PDCO,8,0,0,1,0
0.1838371399733341,Z,9,0,0,1,0
0.0672117276081978,CME,4,0,1,1,0
0.2606051739218653,PPBI,4,0,1,1,1
0.2850160654516263,NCLH,0,0,1,1,0
0.22851374549004275,WEN,0,0,1,0,1
0.17104365571857913,CTSH,2,0,1,1,0
0.151926253346771,HOLX,8,0,0,1,1
0.18396266892093938,CTXS,2,0,1,1,0
0.1805276473420357,SABR,2,0,0,1,0
0.37289101340738556,DISH,6,0,1,0,0
0.09220752637453979,NTNX,2,0,0,1,0
0.043928730474454364,HQY,2,0,1,1,1
0.1498104568890165,ARCC,4,0,1,0,1
0.04867383248749054,NVAX,8,0,0,0,1
0.04123468694119279,TNDM,8,0,0,0,1
0.062375790232288564,DXCM,8,0,0,1,1
0.31507245740980044,NTCT,2,0,0,1,0
0.1522157578622443,NYMT,9,0,1,1,0
0.6916940112836922,NAVI,4,0,0,0,1
0.0815250321013695,TTWO,2,0,0,1,1
0.1601196849641306,KLAC,2,0,1,1,0
0.0,GOOG,2,0,0,0,1
0.3829540813429964,HSIC,8,0,1,1,0
0.0,LBTYK,6,0,0,0,1
0.22367319207676276,MEOH,5,0,1,1,0
0.575362313277763,GIII,0,0,0,1,0
0.5824982325168437,SFM,7,0,1,1,0
0.1323126180938245,QRVO,2,0,0,1,1
0.1501677406713981,DOX,2,0,0,1,1
0.5453103295889237,HMHC,7,0,0,1,0
0.048160489307136435,SRNE,8,0,0,1,1
0.2288495574744436,OPK,8,0,0,1,0
0.2740820385989268,NUAN,2,0,0,1,1
0.7388973463169098,GT,0,0,1,1,0
0.10635800764340954,EA,2,0,1,1,0
0.5682904713907451,GPRO,2,0,0,0,0
0.0622939804429355,VRTX,8,0,0,1,1
0.22051710501556543,YY,2,0,1,1,1
0.0,FWONK,0,0,0,0,0
0.23340041563142028,HOMB,4,0,1,1,1
0.20545737233257427,NKTR,8,0,0,1,0
0.2563307837795696,CERN,2,0,1,1,1
0.15319093270819145,CDNS,2,0,1,1,1
0.4301886121983423,MDRX,2,0,0,1,0
0.22362926375209385,ISBC,4,0,1,1,1
0.2053938391459691,NTAP,2,0,0,1,0
1.4219757660264682,BBBY,0,0,0,1,0
0.09920853148800945,MAR,0,0,1,1,1
0.20911337731019647,VIAV,2,0,0,1,1
0.23278539127116696,SHOO,0,0,1,1,0
0.09452288650514598,CONE,9,0,0,1,1
0.1847656215515393,RUN,2,0,0,1,0
1.1157701441582848,HA,3,0,1,1,0
0.2887593423216297,PBCT,4,0,1,1,0
0.30722087079529603,UCBI,4,0,1,1,1
0.4348115639655075,LBTYA,6,0,0,0,1
0.21417193536727644,CBSH,4,0,1,1,0
0.2653345996312688,TSCO,0,0,1,1,1
0.3421659671517059,TRUE,2,0,0,1,0
0.31836237033197207,URBN,0,0,0,1,0
0.10135064794748475,CTRE,9,0,1,0,1
0.11787889608201026,MCHP,2,0,0,1,1
0.2512160118042886,KLIC,2,0,1,1,1
0.047576819090161045,TEAM,2,0,0,1,1
0.11249524817335278,PFPT,2,0,0,1,1
0.009060872163344131,PLUG,2,0,0,1,1
0.28607485367063346,HIMX,2,0,0,1,0
0.18543748020078318,FANG,1,0,0,1,1
0.24182119760250623,TROW,4,0,1,1,0
0.3018152433332101,ARLP,5,0,0,0,0
0.4053418831911101,BLMN,0,0,1,1,1
0.2184214671279909,PPC,7,0,0,1,0
0.13034107906488412,GNTX,0,0,1,1,0
0.0965927476605168,INTU,2,0,1,1,1
0.22891583469021287,PCAR,3,0,1,1,0
0.08332812133050825,HMSY,3,0,1,1,1
0.09797411272758433,XLNX,2,0,0,1,0
0.042374062303182226,FOLD,8,0,0,0,1
0.33144238992130803,JBHT,3,0,1,1,0
0.22297899910944072,EXPD,3,0,1,1,0
0.3535058731066543,PDLI,8,0,0,0,0
0.5516634894324833,EXPE,0,0,0,1,0
0.6380908879599165,WERN,3,0,1,1,1
0.07987309768714569,HCSG,3,0,1,1,0
-0.02370529880599138,DVAX,8,0,0,1,1
0.28141589815845325,DLTR,7,0,1,1,1
0.1830411170368794,MTSI,2,0,0,1,1
0.12015090998432104,SWKS,2,0,1,1,1
0.17449782255171892,IIVI,2,0,1,1,1
0.32276414600913594,CROX,0,0,0,1,1
1.3276139626583707,ACHC,8,0,0,1,1
0.44234733530418957,MLHR,3,0,1,1,1
0.20590583048525193,TRIP,0,0,0,1,0
0.159818090994571,FAST,3,0,1,1,0
0.24297024551220187,EWBC,4,0,1,1,0
0.011363276553532755,VRAY,8,0,0,1,1
0.009924623307604944,ALNY,8,0,0,1,0
0.07755895696023081,BMRN,8,0,0,1,0
0.027323143644363813,AGNC,9,0,0,0,1
0.024687055377319467,HRTX,8,0,0,0,1
0.007328283126390037,INSM,8,0,0,0,1
0.15476564079070362,LAMR,9,0,1,1,0
0.14070366333234813,EXEL,8,0,0,1,1
0.23974186715979318,HZNP,8,0,0,1,1
0.13185863757994623,ADI,2,0,1,1,1
0.6337584557391505,AKBA,8,0,0,0,1
0.04240225365123628,OLED,2,0,1,1,1
0.0015524873960733635,LBRDA,6,0,0,0,1
0.12628891018372623,SSNC,2,0,1,1,1
0.6688774061932606,CHTR,6,0,0,1,1
0.10454123264384335,ACAD,8,0,0,1,1
0.0,VOD,6,0,0,1,1
0.5484157911506132,EXTR,2,0,0,1,1
0.17487247623763064,FEYE,2,0,0,1,0
0.5470030011247271,VECO,2,0,0,0,1
0.281800894730649,ERIC,2,0,0,0,1
0.1148975269527874,MANH,2,0,1,1,1
0.5003226553341488,TILE,0,0,0,1,1
0.4267753809500008,CAKE,0,0,1,1,0
1.1456564210630416,CAR,3,0,0,1,0
0.08056648114734957,SPLK,2,0,0,1,1
0.05705701203152447,VRSN,2,0,1,1,0
-0.38569576299393166,PEIX,1,0,0,0,1
0.0,BZUN,0,0,1,1,0
0.46665681242842355,NWSA,0,0,0,1,0
0.009338066187597251,ARNA,8,0,0,0,1
0.16140761529781364,ULTA,0,0,1,1,1
0.1636089937316243,JACK,0,0,1,0,0
0.05718985040765119,CPRT,0,0,1,1,1
0.07744127839635971,CLVS,8,0,0,0,0
0.212178373524844,SBRA,9,0,1,0,0
0.09404575815272402,FISV,3,0,1,1,1
0.47100916585996666,SAVE,3,0,0,1,0
1.7635274064503244,DXLG,0,0,0,1,1
0.30940864559720893,ONB,4,0,1,0,0
0.2798122045521287,HDS,3,0,1,0,0
0.7501872019428899,NGHC,4,0,1,1,0
0.507376084881846,ATSG,3,0,1,1,1
1.3152939069009042,SPWH,0,0,1,1,1
0.18767988294284538,TWNK,7,0,0,0,1
0.8719369318378114,BMCH,5,0,0,1,1
0.08701353916769182,EQIX,2,0,1,1,1
0.19876059412248653,ORBC,6,0,0,1,1
0.16492971630237532,LIVN,8,0,0,1,1
0.14953934644311628,CTAS,0,0,1,1,0
0.4381284703173339,REGI,1,0,0,1,1
0.258534268697328,VRNT,2,0,0,0,1
0.2654965460740468,HAS,0,0,0,1,1
0.06701383095943078,HALO,8,0,0,0,1
0.07205641782257942,SGMO,8,0,0,1,1
0.11608396148254135,KTOS,3,0,0,0,1
0.15745385718369795,RYAAY,3,0,1,1,1
0.1213195546640473,ROIC,9,0,1,1,0
0.09834685939847641,MXIM,2,0,1,1,0
0.1331416498715647,CSOD,2,0,0,1,0
0.2522496338669016,SIVB,4,0,1,1,1
0.1354507907564298,FIVE,0,0,1,1,1
0.9676909936392221,LPLA,4,0,1,1,1
0.22601947599916614,SEIC,4,0,1,1,1
0.20145447486474435,FORM,2,0,0,1,1
0.10106251009115669,BRKS,2,0,1,1,1
0.1259453228206363,VNDA,8,0,0,1,0
0.06167151976997156,HTHT,0,0,1,1,0
0.6880763345324302,PENN,0,0,1,1,0
0.041741915932031,AMRN,8,0,0,1,1
0.08038788337007348,IONS,8,0,0,1,0
0.47093996529209214,NEOS,8,0,0,1,1
0.07614355886710583,SBAC,6,0,0,1,1
0.020321792379773888,BGNE,8,0,0,1,1
0.20048588471508538,WB,2,0,1,1,0
0.07618287937035079,BDSI,8,0,0,0,1
0.21121512215881522,THRM,0,0,0,1,0
0.3318708603398768,UMPQ,4,0,1,1,0
0.25143877900228956,PNFP,4,0,1,1,1
0.12864067545396607,GLPI,9,0,1,0,1
0.11086196403364071,CBOE,4,0,1,1,1
0.21650911317576382,RDNT,8,0,1,1,1
0.11719110204657268,LITE,2,0,0,1,1
0.1392483144492725,ROST,0,0,1,1,1
0.14158830805726502,PCRX,8,0,0,1,1
0.9161076046616079,CSIQ,2,0,1,1,1
0.37371812753094247,ICHR,2,0,0,0,1
0.1418333023602321,TLND,2,0,0,0,0
0.05216636716367606,ILMN,8,0,1,1,0
0.04761322249777278,ISRG,8,0,1,1,1
0.0,BLDP,3,0,0,1,1
0.0653764053294425,CREE,2,0,0,0,0
0.1980751803137179,COHR,2,0,1,1,1
0.2857973933410059,FULT,4,0,1,1,0
0.3159856793298121,UNIT,9,0,0,0,0
0.4879754368385279,CASY,7,0,1,1,1
0.07899433365499592,PODD,8,0,0,1,0
0.37046525887531456,MATW,0,0,1,1,1
0.15526543826356218,REGN,8,0,1,1,1
0.05265342548213164,MELI,0,0,0,1,1
1.2855315927386912,SGMS,0,0,0,1,1
0.3293855835878367,IMMR,2,0,1,1,1
0.0,VKTX,8,0,0,0,1
0.08693211474507939,MGPI,7,0,1,1,1
0.1364371608282239,NTES,2,0,0,1,1
0.7315575295792112,SND,5,0,1,1,0
0.32640687897469384,STFC,4,0,0,0,0
-0.1942580148283296,HDSN,3,0,0,1,0
0.07337467116376942,PTC,2,0,1,0,1
0.2226752939780365,CDW,2,0,1,1,0
0.43302479451866255,SBGI,0,0,1,1,0
0.5043671690279456,PLAY,0,0,1,1,0
0.16956004579766137,EGOV,2,0,1,1,1
0.04338868557339137,EXAS,8,0,0,1,1
0.014543077720103766,RESN,2,0,0,0,1
0.1987492396607751,WAFD,4,0,1,1,0
0.1850524412284608,IRDM,6,0,0,1,0
0.13210891896685947,INCY,8,0,1,1,0
0.0,LBRDK,6,0,0,0,0
0.0,NVCN,8,0,0,0,1
0.20955844719500513,TRMB,2,0,1,1,1
0.8278675347396656,GPOR,1,0,0,1,0
0.23676782588572193,ACGL,4,0,1,1,1
,SBNY,4,0,0,0,1
1.4526843996064736,GOGO,6,0,0,1,0
0.27602087665474273,SYNA,2,0,1,1,0
0.2277767887288255,NMIH,4,0,0,1,1
0.11097010492710577,MTCH,2,0,1,1,0
0.05103884407909013,TRHC,2,0,0,0,1
0.16061433421339535,HAIN,7,0,0,0,0
0.724308581615472,ECHO,3,0,1,1,1
0.6559400169653331,PDCE,1,0,0,1,1
0.15665209130890803,LPSN,2,0,0,0,1
0.0024952853320061637,TELL,1,0,0,0,1
0.0,ESPR,8,0,0,0,1
0.28818143741350305,PLCE,0,0,1,1,0
0.5655588173550363,SCHL,0,0,0,0,0
0.39777152487936085,ADTN,2,0,0,0,1
0.2267698159989461,HTGM,8,0,0,0,1
0.6714364573318883,BECN,3,0,1,1,0
0.45567850640343976,BPOP,4,0,0,1,1
0.5358717650599177,COMM,2,0,0,1,1
0.008757794487192392,ABEO,8,0,0,1,1
0.032143471209606755,RETA,8,0,0,0,1
0.00989626090479926,BLUE,8,0,0,1,1
0.0,WPRT,0,0,0,1,1
0.15948109565484941,CORT,8,0,0,1,0
0.08988126885160123,AXGN,8,0,0,1,1
0.10103270351897635,MASI,8,0,1,1,1
0.19309055157610647,BRKR,8,0,1,1,0
0.06892797462875834,NBIX,8,0,0,1,0
0.10779479282874786,CHKP,2,0,1,1,0
0.23662807736198235,JAZZ,8,0,1,1,1
0.35510112727473897,CMCO,3,0,0,1,1
0.37325966866166477,CATM,3,0,0,1,1
0.1827244461642197,ORLY,0,0,1,1,1
0.15504572041730405,FFIV,2,0,1,1,1
0.002325885981913268,PRTA,8,0,0,0,0
0.3172932233978838,SCWX,2,0,0,1,0
0.04516832303697735,PAAS,5,0,0,1,1
0.06036869117646896,TRUP,4,0,0,1,0
0.34911812607356246,HOPE,4,0,1,1,0
0.5341893599971386,MRTN,3,0,1,1,1
0.18975214342837662,LMNX,8,0,0,1,0
0.00044721821828454255,TGTX,8,0,0,0,1
0.31141505686962423,CRUS,2,0,1,1,1
0.11683263916210562,TXRH,0,0,1,1,0
0.12594558890854385,BEAT,8,0,1,1,1
0.1985742188437602,EEFT,3,0,1,1,1
0.7316829985146549,CVGI,0,0,1,1,1
0.12311894003980535,WWD,3,0,1,1,0
0.15526395173453997,HOLI,3,0,1,0,1
0.0,CBAY,8,0,0,0,1
0.026970217412681595,AVEO,8,0,0,0,1
0.11170984247171638,RCM,2,0,0,1,1
0.0,TSEM,2,0,0,1,1
0.23396132481106344,CHRW,3,0,1,1,0
0.08827118148651975,SPPI,8,0,0,0,1
0.09510348487445336,TTD,2,0,1,1,0
0.08823322380041401,ASML,2,0,1,1,0
0.07739715768150317,IDXX,8,0,1,1,1
0.0,ONCS,8,0,0,0,1
0.03659134553079083,SRPT,8,0,0,1,1
0.06242179453841407,SGEN,8,0,0,1,1
0.35333959904828705,TCBI,4,0,1,1,0
0.6791455592492159,DXPE,3,0,0,0,0
0.2343033791216776,NWBI,4,0,1,1,0
0.11165390640895309,RP,2,0,0,1,1
0.19289677149529638,PSEC,4,0,0,0,-1
0.1643963718777892,QDEL,8,0,0,1,1
0.2693511147022864,WETF,4,0,0,0,0
0.14803337942842235,INVA,8,0,0,1,0
1.0063271984352788,BJRI,0,0,1,1,0
0.14946326968102622,FLIR,2,0,1,1,1
0.29424890441144164,JCOM,2,0,0,1,1
0.1750248682336814,MIDD,3,0,1,1,1
1.9484781922226109,RCII,3,0,0,0,0
0.07503745601411745,CSGP,3,0,0,1,1
0.45305615698800156,TTMI,2,0,1,1,1
0.009546445843273268,ARWR,8,0,0,1,1
0.219263266731298,IAC,2,0,1,1,1
0.2873601470403169,VIRT,4,0,1,0,0
0.5489774344849087,UCTT,2,0,0,1,1
0.1350968306885977,ANGI,2,0,0,0,1
0.2322016493105621,BCOR,2,0,0,1,1
1.5363244260676738,BLDR,5,0,0,1,1
0.3266693298813613,MOBL,2,0,0,0,0
0.3909054017107706,CHEF,7,0,1,1,1
0.0,KURA,8,0,0,0,1
0.0,MRNS,8,0,0,0,1
0.34050736708235974,GPRE,5,0,1,1,1
0.7619660286862227,HIBB,0,0,0,1,0
0.08643399543603607,ALGN,8,0,1,1,1
0.3698317672029249,LGIH,0,0,1,1,0
0.0,AVXL,8,0,0,0,1
0.003983727878675358,AXDX,8,0,0,1,0
0.1604254501074316,PRMW,7,0,0,1,1
0.31020446482956593,NUVA,8,0,0,1,0
0.008139959068230975,ADVM,8,0,0,0,1
0.5480137977078001,SWIR,2,0,0,1,0
0.22395604934230454,DNKN,0,0,1,1,0
1.0702083497472528,FRAN,0,0,0,1,0
0.07874152493559171,FRPT,7,0,0,1,0
0.4627743965196571,ARAY,8,0,0,0,0
0.3030994982814863,HTLD,3,0,1,0,0
0.1556473962639114,VRNS,2,0,0,1,1
0.15215308374890452,CINF,4,0,0,1,0
0.16419974239719534,DENN,0,0,1,1,1
-0.5765788293515393,GLRE,4,0,0,1,1
0.39515638873579806,RRR,0,0,0,0,1
0.44750483632158566,SINA,2,0,1,1,1
0.17797232937948682,PRAH,8,0,1,1,0
0.0,ZG,9,0,0,0,1
,GGAL,4,0,0,0,0
0.11257441987194251,FTNT,2,0,1,1,0
0.2765188314310705,CLDX,8,0,0,1,1
3.2308832850616738,MDCA,0,0,0,0,0
0.077822311173401,VCEL,8,0,0,1,1
0.41396839724361023,SRCL,3,0,0,1,0
0.3430356000524811,WTFC,4,0,1,1,1
0.8566316300231638,SGRY,8,0,0,1,1
0.4411922692639385,XPER,2,0,0,1,1
0.12881223204820588,AGEN,8,0,0,1,1
0.11732245507117364,RPD,2,0,0,1,1
0.0,GLNG,3,0,0,1,1
0.11517849885595942,PETS,7,0,1,1,1
0.11183583433937629,AMBA,2,0,0,1,1
0.45220430548705265,AMKR,2,0,1,1,0
0.0602890819820301,COUP,2,0,0,0,1
0.04362387234386952,MNKD,8,0,0,0,1
0.05931498286650936,ICPT,8,0,0,1,0
0.21507998743420662,MITK,2,0,0,1,1
0.3356068721342596,PZZA,0,0,0,1,1
0.14538893870489747,POOL,0,0,1,1,1
0.18741381745260807,MGRC,3,0,1,1,1
0.11651277463092719,FANH,4,0,1,1,0
0.45997903614648905,INFN,2,0,0,0,0
0.1289987029668512,MMSI,8,0,1,1,1
0.1726244353160174,UPLD,2,0,0,1,1
0.23891614075040893,COLM,0,0,1,1,1
0.1974786932689756,GLUU,2,0,0,1,1
0.14310707308308146,CCOI,6,0,1,1,0
0.19879194810150724,SEDG,2,0,1,0,0
0.35286851484363946,LLNW,2,0,0,1,1
0.2788103869226368,PBYI,8,0,0,0,0
0.23463377042488265,IRWD,8,0,0,1,0
0.4016069315512374,CSGS,2,0,1,1,1
1.11825482132111,CNSL,6,0,0,1,0
0.22669700098690976,SUPN,8,0,1,1,1
0.20098822335513408,COLL,8,0,0,0,1
0.009209601737787714,DRNA,8,0,0,1,1
0.14679150438517177,BKCC,4,0,0,0,-1
0.022775743852545216,PACB,8,0,0,0,0
0.8980218395903774,AVDL,8,0,0,0,1
0.5916570298035893,JNCE,8,0,0,0,1
0.28080962562389494,MKSI,2,0,1,1,1
0.10988767277495441,CDK,2,0,1,1,1
0.29051780464874283,LNTH,8,0,0,0,1
0.2824289988190545,PACW,4,0,1,1,0
0.13296818576549502,OLLI,7,0,1,1,0
0.20492018872288906,LOCO,0,0,0,1,1
0.7316403589077753,RUSHA,0,0,1,1,1
0.16301048015674144,MCFT,0,0,1,1,1
1.306461511600859,AAWW,3,0,1,1,1
0.10770129171881283,WIX,2,0,0,1,1
0.4957683290848333,USCR,5,0,0,1,0
0.079923533355993,INO,8,0,0,0,0
0.2873155642433144,AAOI,2,0,0,1,0
1.7226840486940127,FOSL,0,0,0,0,0
0.8107048877575855,OSTK,0,0,0,0,1
0.09026346294894202,FOXF,0,0,1,1,1
-0.0,MDGS,8,0,0,0,1
0.06923078129601826,AZPN,2,0,1,1,0
0.03393350127921869,ONVO,8,0,0,1,1
0.2395647134920912,IRBT,2,0,1,1,0
0.35584982399391113,SBLK,3,0,0,1,1
0.16958577657541424,CWST,3,0,0,1,1
0.30957195033349144,UMBF,4,0,1,1,0
1.1941888192175218,SOHU,2,0,0,0,0
0.05414942102713445,FGEN,8,0,0,0,1
0.13500235736987684,MBUU,0,0,1,1,1
0.3294170295658242,HTLF,4,0,1,0,0
0.15282005964694875,BLKB,2,0,1,1,0
0.18778882656092644,ENPH,2,0,0,0,1
0.5112468243888927,HLIT,2,0,0,1,1
0.20810392290826638,IPAR,7,0,1,1,0
0.5450919310835901,CRTO,2,0,1,1,0
0.009371213340209674,MRTX,8,0,0,0,0
0.5971967472059158,ZUMZ,0,0,0,1,0
0.040067375361358244,ABMD,8,0,0,1,1
0.17327183578380048,NDSN,3,0,1,1,1
0.0,BATRK,0,0,0,0,0
0.23167318097770107,FFBC,4,0,1,1,0
0.429078281895602,DLTH,0,0,0,1,0
0.2154026577270895,AXTI,2,0,0,1,1
0.2519692163709494,EGRX,8,0,1,1,0
0.0,DBVT,8,0,0,0,1
0.7527764625285853,GDEN,0,0,0,1,1
0.014426408640400954,CRBP,8,0,0,1,1
0.02280959136216443,BCRX,8,0,0,0,1
,TOWN,4,0,0,0,0
0.10812072764981473,CBPO,8,0,1,1,0
0.059789611639259894,FIVN,2,0,0,1,1
0.061186651209354646,JKHY,3,0,1,1,0
0.10341849344422509,EPAY,2,0,0,1,1
0.08406043757331041,VRSK,3,0,1,1,0
-0.260589279008906,ICLR,8,0,1,0,0
-0.2584358760161472,AQMS,3,0,0,0,1
0.18384426659313327,DRRX,8,0,0,0,1
0.7823677411128306,VRA,0,0,0,1,0
0.15881183249048092,OSUR,8,0,1,1,1
0.053955016572601974,NVCR,8,0,0,1,0
0.1344379800261676,PCH,9,0,1,1,1
0.1162714374152002,SAFM,7,0,0,1,0
0.43176511978884047,CRIS,8,0,0,0,1
0.21328951403583707,RMBS,2,0,0,0,1
0.10381287331400284,PRTK,8,0,0,0,1
0.36256172839506173,GMLP,3,0,0,0,0
0.5841056941641901,TAST,0,0,1,1,1
0.1962808982374971,OTEX,2,0,0,1,1
0.238183830097409,FHB,4,0,1,1,0
0.25191130113878357,SANM,2,0,0,1,0
6.4316774697690935,MGI,4,0,0,0,0
0.1180492805569429,KOPN,2,0,0,0,1
0.3129388569781589,OSBC,4,0,1,1,1
0.2409041800070494,BRKL,4,0,1,1,0
0.45761660950677346,SATS,2,0,0,1,1
0.2639943349053563,SLGN,0,0,1,1,0
0.39814086286885036,IBKR,4,0,1,1,0
0.21237544335710296,ROCK,5,0,1,0,1
0.19726047556265414,ASTE,3,0,0,1,0
0.07406872846946053,DMRC,2,0,0,0,0
0.33967595329871203,CUTR,8,0,0,1,1
0.5959135032028412,UEPS,3,0,0,0,1
0.4918796347621774,AMCX,0,0,1,1,0
0.26866820512216083,DIOD,2,0,1,1,1
0.022894215173363982,RARE,8,0,0,0,1
0.17714300098830155,INOV,2,0,0,1,0
0.017055062281882426,MYOK,8,0,0,0,0
0.08858526719835318,BNFT,2,0,0,1,0
0.2941499512474285,PLYA,0,0,0,0,0
0.12644553056679758,CFFN,4,0,1,1,0
1.2108871270217985,HSII,3,0,1,1,0
0.2304031419232805,GDS,2,0,0,0,1
0.0916051108881983,LOPE,7,0,1,1,1
0.12152959169962886,TCMD,8,0,0,0,1
0.12791879970053216,GOLD,5,0,0,0,1
0.14472277431294658,SMTC,2,0,1,1,1
0.01996770540852586,XNCR,8,0,0,1,0
0.49883819169177224,SCHN,3,0,0,1,0
0.21661450702690735,UBSI,4,0,1,1,0
0.1511924820714043,FPRX,8,0,0,0,1
0.03544140936061671,FLXN,8,0,0,0,1
0.33128580461564133,ODFL,3,0,1,1,0
2.1404659749900916,CFMS,8,0,0,0,1
0.4314208845369356,WLTW,4,0,0,1,0
0.05318219414476112,CDXS,8,0,0,1,1
0.23305923671657153,VREX,8,0,0,1,0
0.0,LSXMK,0,0,0,0,1
0.2717747332310619,MSTR,2,0,0,0,0
0.2435692837341567,COHU,2,0,0,1,1
-0.0035471173770478784,OTIC,8,0,0,0,1
0.0,CPRX,8,0,0,0,1
0.0005483564575933816,ZIOP,8,0,0,0,1
0.15784385487966573,GRMN,2,0,1,1,0
0.11436524486622775,MEDP,8,0,0,1,0
0.11155756496419883,TWOU,2,0,0,1,1
0.0,MDGL,8,0,0,0,1
0.3783737396780296,ACTG,3,0,0,1,1
0.17751436197688808,AMWD,5,0,1,1,0
0.2214869500491704,CATY,4,0,1,1,0
0.20775658371764813,COLB,4,0,1,1,1
0.0,GBT,8,0,0,0,1
0.2675963303751501,MPAA,0,0,1,1,1
0.4336522970336726,BPFH,4,0,1,1,0
1.937416310812402,COWN,4,0,0,1,1
0.14582100696745612,GTLS,3,0,0,1,1
0.9909207768446563,SKYW,3,0,1,1,1
0.7616851120642141,CONN,0,0,0,1,0
0.8436272968234381,EZPW,4,0,0,1,1
2.0801938293520466,MHLD,4,0,0,0,0
0.014346000033811828,AERI,8,0,0,0,1
0.05333025820638487,KPTI,8,0,0,1,1
1.2030377286148288,AVID,2,0,0,0,0
0.6032772048074398,TBBK,4,0,1,0,1
0.18231570486606463,MTRX,1,0,0,0,1
-0.42367961514389924,SPWR,2,0,0,1,0
0.15332897436667373,SLAB,2,0,1,1,1
0.15668876007289964,PEGA,2,0,0,1,1
0.1189291993927795,NOVT,2,0,1,1,0
0.2148937810358002,MYGN,8,0,1,1,0
0.37187276241275,PXLW,2,0,0,0,1
0.2212668562857119,AEIS,2,0,0,1,1
0.22190828343392927,LHCG,8,0,1,1,1
0.1888742930584286,NDAQ,4,0,1,1,1
0.332862217909427,WSFS,4,0,1,1,1
0.20203660824001274,PIRS,8,0,0,1,1
0.0,ABIO,8,0,0,0,1
0.0,SRRA,8,0,0,0,1
0.21357288101492403,VRTU,2,0,0,1,1
0.15110717743887678,MMYT,0,0,0,1,1
0.3010758959550723,UTHR,8,0,0,1,0
0.15999994310577406,CALM,7,0,0,0,1
0.11035644645116277,ALRM,2,0,0,1,1
0.054831556259734134,MKTX,4,0,1,1,0
0.24482399245595324,LSCC,2,0,0,0,1
0.0,PTGX,8,0,0,0,1
1.5294316619183392,ECPG,4,0,1,1,1
0.35392445638049036,CSTE,5,0,0,1,0
0.09303708626757834,QNST,2,0,0,1,1
0.20900257640049205,SIMO,2,0,1,1,1
0.1793331619622194,AMED,8,0,0,1,1
0.19067889987352188,VNET,2,0,0,0,1
0.0,CHRS,8,0,0,0,1
0.10697812315303117,IIIN,5,0,1,0,0
0.19480609270597002,HFWA,4,0,1,1,0
0.4169848030051323,SCSC,2,0,0,1,1
0.0,QADA,2,0,0,0,1
0.0,CASI,8,0,0,0,1
0.28758683218599984,TSC,4,0,1,1,1
0.20769884456323576,LUNA,2,0,1,0,0
0.2955631449698198,SFNC,4,0,1,1,0
0.1216092996569568,MRCY,2,0,1,1,1
0.3935236519107913,ICFI,3,0,1,1,1
0.1805549059259677,ACIW,3,0,0,0,1
0.14556627308539244,PTCT,8,0,0,1,0
0.07564776504782943,TFSL,4,0,1,1,1
0.7860040804380412,RRGB,0,0,0,1,0
0.472783436373933,CECE,3,0,0,0,1
0.23452355708214023,IART,8,0,0,1,0
0.6046648996335373,III,3,0,0,1,0
4.863866637871376,YRCW,3,0,1,1,0
0.0863275185723037,LXRX,8,0,0,0,0
0.7923896193917619,PRAA,4,0,0,0,0
0.16327857567967158,STMP,2,0,0,1,1
0.8020730610522253,SCVL,0,0,0,1,0
0.8163851914629076,CORE,7,0,0,1,0
0.10643999361381366,KRNT,3,0,1,1,1
0.35801473510334764,MYRG,3,0,1,1,1
0.2923011173955216,BANR,4,0,1,1,1
0.12399903900486467,VSAT,2,0,0,0,1
0.1431297964449672,ADMS,8,0,0,1,0
0.30315924786942466,SIGI,4,0,1,1,0
-0.012305242844761984,RMTI,8,0,0,1,1
0.2001711519955977,ALKS,8,0,0,1,0
0.2694781600496786,GLDD,3,0,0,0,1
0.09497385706440178,FIZZ,7,0,1,1,0
0.066422562200515,SBBP,8,0,0,0,1
0.12547989697112413,DORM,0,0,1,1,0
0.059585742968206325,EVBG,2,0,0,1,1
0.006445887116910751,AEMD,2,0,0,0,1
0.07581813559034901,ATRS,8,0,0,1,1
0.7409901156381812,TUSK,1,0,0,1,0
0.013325823970078749,VUZI,2,0,0,1,1
0.48380551795524823,MERC,5,0,1,1,1
0.6009810565602525,HEES,3,0,1,1,1
0.6931984055109022,AGFS,5,0,0,0,1
0.6404976765162541,SNCR,2,0,0,0,0
0.017830987534069812,PTI,8,0,0,0,1
0.6528631948649025,EIGI,2,0,0,1,0
0.35071482806468185,HUBG,3,0,1,1,0
0.1542429355803167,LOGI,2,0,1,1,1
0.5890719875674466,FLWS,0,0,1,1,1
0.24751770162481876,EBIX,2,0,1,1,0
0.0029300025428808797,ANAB,8,0,0,0,0
0.02797939228854547,ABUS,8,0,0,0,1
0.09525656646654904,ANSS,2,0,1,1,0
0.5995365749615392,CBRL,0,0,1,1,1
0.20457687989757878,ADXS,8,0,0,0,0
0.39180235767017624,ITRI,2,0,0,1,1
0.16195180027544173,GBCI,4,0,1,1,0
0.15625671922065404,ERII,3,0,0,1,1
2.561446775298986,CLMT,1,0,0,0,0
0.17717677360893447,AINV,4,0,1,0,0
0.06456482587758038,CERS,8,0,0,1,1
0.07906028330207793,BL,2,0,0,1,1
0.33440681103090875,SSYS,2,0,0,0,0
0.18204684950459366,LKFN,4,0,1,1,0
0.1858607625943539,ANGO,8,0,0,0,0
0.5061510449165073,AEGN,3,0,0,1,0
1.1414671006725265,LE,0,0,0,0,0
0.09572871101708355,ACIA,2,0,0,0,0
0.33253709574050566,PRIM,3,0,1,1,1
0.08755350713799545,CTMX,8,0,0,1,1
0.12093136545481806,RDUS,8,0,0,0,0
0.5990551767919287,BBGI,0,0,0,1,1
0.2685652602924071,CASH,4,0,1,1,1
0.1726898170947551,PINC,2,0,0,0,0
-0.0038913711939260244,GWPH,8,0,0,0,1
0.15350529786222145,SFBS,4,0,1,1,0
0.23122818522693392,ZBRA,3,0,0,1,1
0.21585182142251128,GABC,4,0,1,1,0
0.6211797685469226,NCMI,0,0,1,0,0
0.14289884862874144,MGLN,8,0,0,1,1
0.049702808985382346,ADMP,8,0,0,0,1
0.02936244712317972,EDIT,8,0,0,1,1
0.2056561757019949,GAIA,0,0,0,1,1
0.20914434388772754,PRGS,2,0,0,1,1
0.30789955310292744,TRMK,4,0,1,1,0
0.010713396105384777,ACRS,8,0,0,0,1
0.11441084285262387,SPSC,2,0,1,1,1
0.2575373179930766,EFSC,4,0,1,1,1
0.33212865943346076,BOKF,4,0,1,1,0
0.19284283642262612,PSMT,7,0,0,1,0
0.31301367123938134,UVSP,4,0,1,0,0
0.24950927252419444,OCFC,4,0,1,1,1
0.10453142379072392,RADA,3,0,0,0,1
0.2814923791486291,GOGL,3,0,0,0,1
0.03572657522376109,CNCE,8,0,0,0,1
0.7886672881271415,CCRN,3,0,0,0,0
0.06470459972414913,IRTC,8,0,0,0,1
0.07224547935771036,QTNT,8,0,0,0,1
0.08623032941803112,EGAN,2,0,0,0,1
0.0,ZGNX,8,0,0,0,1
0.08586928790381858,TPIC,3,0,0,0,1
3.542838811359194,TA,0,0,0,1,1
1.017261133506022,FRTA,5,0,0,0,1
0.18652695828535712,PI,2,0,0,0,1
0.2517864255753287,MNRO,0,0,1,1,0
0.29104451506870993,FMBI,4,0,1,1,1
0.3113619752606808,ACLS,2,0,1,1,1
0.0,ITCI,8,0,0,0,1
0.2082036462056542,VIVO,8,0,0,1,0
0.3365891550074516,MCHX,0,0,0,0,1
0.3726766621722363,CRAI,3,0,1,1,1
0.0,DSGX,2,0,1,1,0
0.6002837083819373,CTIC,8,0,0,0,1
0.0,HCM,8,0,0,0,1
0.2586340068078304,TREE,4,0,1,1,1
0.6213886333805826,AXAS,1,0,0,1,0
0.05870850805452273,CTSO,8,0,0,1,1
0.5022181245708016,ACOR,8,0,1,0,0
0.0718081689680514,PCTY,2,0,0,1,0
12.572376111126214,ALIM,8,0,0,1,1
,LILAK,6,0,0,0,1
0.7515140568365305,ASUR,2,0,0,1,1
0.051350365287924346,NTLA,8,0,0,0,1
0.45782765016481225,MSBI,4,0,0,0,0
0.07163641978819675,GNMK,8,0,0,1,1
0.14155900118459216,HLNE,4,0,0,0,0
0.16588525086800404,APPS,2,0,0,1,1
0.02489587651730989,VYGR,8,0,0,0,1
0.08498782907168681,LGND,8,0,0,1,1
0.21351754255461874,EBSB,4,0,1,1,0
0.0,CENTA,7,0,0,0,1
0.17929363950228677,SNPS,2,0,1,1,1
0.03898345929931365,FCEL,10,0,0,0,0
0.38460467834364215,UIHC,4,0,0,1,0
0.0987399226198241,MIME,2,0,0,1,1
0.005008315383593787,RVNC,8,0,0,1,1
0.17062240271842657,NATI,2,0,1,1,0
0.13871625064088594,PLXS,2,0,0,1,1
0.1349646308461365,MANT,2,0,1,1,0
0.1728565969902514,OMAB,3,0,1,1,0
0.08349885355780644,VNOM,1,0,1,1,1
0.18649958400072006,TCPC,4,0,0,1,1
0.2570794137197524,IBTX,4,0,1,1,1
0.2310839394374864,DSPG,2,0,0,0,1
0.47090881766631804,FWONA,0,0,1,1,1
0.382368366794004,BCOV,2,0,0,1,1
0.19735777301181204,ACBI,4,0,0,1,0
0.13773641738757667,CVBF,4,0,1,1,0
0.0,LSXMA,0,0,0,0,1
0.5850304026078149,PATK,0,0,1,1,1
1.2358185344687527,SYNC,2,0,0,0,0
0.010056150672167476,VBLT,8,0,0,0,1
0.01879026884069731,BPMC,8,0,0,1,0
0.28066773812325185,SASR,4,0,1,1,1
0.009873830803403946,NBRV,8,0,0,0,1
0.17382814046010123,TVTY,8,0,0,1,1
0.002271346305235441,ATOM,2,0,0,0,1
0.45965890219923083,NXST,0,0,1,1,1
0.07759519037139997,TECH,8,0,1,1,1
0.06440688442565362,WING,0,0,1,1,1
0.3219164821228784,HAFC,4,0,1,0,0
0.08420354969644445,ADES,3,0,0,0,1
0.0,ATRA,8,0,0,0,0
0.2115581198023669,BOOM,3,0,0,1,1
0.0,GLYC,8,0,0,0,0
0.1654605030811493,EXLS,3,0,1,1,0
0.07226966264277716,QLYS,2,0,1,1,0
0.010502882456278425,QURE,8,0,0,0,1
0.1700378424603354,RTRX,3,0,0,1,1
0.09724308599763075,WIFI,2,0,0,1,1
0.0008755054939996544,CLSD,8,0,0,0,1
0.12115545253701202,ICUI,8,0,0,1,1
0.0116368169339099,WVE,8,0,0,1,1
0.39520326330173955,MNTX,3,0,0,1,1
0.16961846390376284,LSTR,3,0,1,1,0
0.23461245728151447,WASH,4,0,1,1,0
0.0069551964408035,XLRN,8,0,0,0,1
0.15972297500666924,LMAT,8,0,1,1,1
1.2393023111860266,KIRK,0,0,0,1,1
0.8052156036287291,SAIA,3,0,1,1,0
0.1555207054279914,ADUS,8,0,1,1,1
0.272239920874261,LBAI,4,0,1,1,1
0.15342992805425396,OMCL,2,0,1,1,0
0.37447270706509383,UFPI,5,0,1,1,0
0.6838159543715343,ZAGG,0,0,1,1,1
0.2516801817171571,HELE,7,0,0,1,1
0.33933443929154455,TRVG,0,0,0,0,0
0.11362944083663394,SIEN,8,0,0,1,1
0.5034327885547695,CPLP,3,0,0,1,0
0.10096747637078693,JOBS,3,0,1,1,0
0.14125818673964305,NICE,2,0,0,1,1
0.1935603881622295,KALU,5,0,0,1,0
0.18100660451461997,CAMP,2,0,1,1,0
31.201374869335545,ICON,0,0,0,0,0
0.5653584443239204,ASPS,3,0,0,0,1
0.17804402251378013,ZIXI,2,0,1,1,1
0.046474047184248565,RGEN,8,0,1,1,1
0.3268552125365028,AOSL,2,0,0,1,0
0.06667375750199486,CVGW,7,0,1,1,0
2.958994425177738,DSKE,3,0,0,0,1
0.4907724054695697,DGICA,4,0,0,1,1
0.1592358014301992,SILC,2,0,0,1,1
0.0615764915284502,RGLD,5,0,0,1,0
0.10191206395149803,GBDC,4,0,0,1,1
0.02009942551687061,SAGE,8,0,0,0,1
0.4113686056927964,APVO,8,0,0,0,1
0.19742170085872915,PLAB,2,0,0,0,1
0.23317451121908425,AGYS,2,0,0,1,1
0.14556122526753582,CALA,8,0,0,0,1
0.6271535768182553,CG,4,0,0,0,0
0.2674904245802699,TRST,4,0,1,1,0
0.5224842733220749,SYKE,2,0,0,1,1
0.5960836453121537,TEDU,7,0,0,0,-1
0.3798680624007068,FWRD,3,0,1,1,1
-0.194769919782988,MARA,3,0,0,0,1
0.20953338271409028,FLIC,4,0,1,1,0
0.01924999489776233,ARDX,8,0,0,0,1
0.09876633031559075,ADAP,8,0,0,1,1
0.20240347847453197,LECO,3,0,1,1,1
0.16192516894482417,TRVN,8,0,0,0,1
0.034007976407678255,LJPC,8,0,0,1,0
0.2143134661331757,CHUY,0,0,0,1,0
0.9740684859691405,CTRN,0,0,1,1,1
0.1071692524296639,VSTM,8,0,0,0,1
0.3596098536538222,CENT,7,0,1,1,1
1.7983844437532566,SPTN,7,0,0,1,0
0.6873152369064043,NSIT,2,0,1,1,1
0.11202375995020383,AMRS,5,0,0,0,1
0.2524948698170329,EQBK,4,0,1,1,1
0.4562713569852538,SEAC,2,0,0,0,1
0.36514047743816225,STKL,7,0,0,1,1
0.06633317789709034,STAA,8,0,0,1,1
0.1512654138952457,LFUS,2,0,1,1,1
0.10791348494432643,CYBR,2,0,1,1,1
0.2653496490953707,APOG,5,0,1,1,0
0.06544465504285153,MPWR,2,0,1,1,1
0.21570057369124368,FELE,3,0,1,1,0
0.2946305753682721,SSB,4,0,1,0,0
-0.22756332761635562,ADMA,8,0,0,0,1
0.18912158749962868,ITRN,2,0,1,1,0
0.07900230623544804,LANC,7,0,1,1,0
0.2993467985526563,PRGX,3,0,0,1,1
0.09720009899556557,CHDN,0,0,1,1,1
0.0011663728503143469,AKTS,2,0,0,0,1
0.059857968845664127,SLP,2,0,1,1,1
0.49770807411010953,RICK,0,0,1,1,1
0.12677595270841727,ENTA,8,0,0,1,0
0.041975829938819584,EXPO,3,0,1,1,1
0.3421803938626584,FRGI,0,0,0,0,1
0.5327474306590875,HBIO,8,0,0,1,0
0.3635249166952229,DAKT,2,0,0,0,0
0.15397246583067958,NSTG,8,0,0,1,1
0.18187644493193025,FLDM,2,0,0,0,1
1.313392118518006,CGIX,8,0,0,0,1
0.0,CRVS,8,0,0,0,1
0.33522751881024,CRWS,0,0,0,0,0
0.25495465354477564,TCBK,4,0,1,0,0
0.013726024681096141,SNDX,8,0,0,0,1
0.06682229122683463,INGN,8,0,1,1,0
0.3026822429553336,GSBC,4,0,1,1,0
0.240811147835774,ANIP,8,0,0,1,1
1.819842664365614,CETX,3,0,0,0,1
0.0,GNCA,8,0,0,0,1
0.6542959264455537,LQDT,0,0,0,0,1
0.13052430929897466,PRSC,8,0,0,1,1
0.005726184229535708,FATE,8,0,0,0,1
1.557768510336386,PBPB,0,0,0,1,0
0.5406705988857624,TACO,0,0,0,0,1
0.0826517492159925,AVAV,3,0,1,1,1
0.13228214445381978,IPGP,2,0,1,1,0
-0.03699550356031124,TTOO,8,0,0,1,1
0.11662276433761522,AMPH,8,0,0,1,1
0.2597708610557367,CNMD,8,0,1,1,1
0.5648122694164562,NDLS,0,0,0,0,0
0.2958991203115995,ABCB,4,0,1,1,1
0.09110315207825086,CYTK,8,0,0,0,1
0.335165662358324,NTGR,2,0,0,0,1
0.18448969042559302,RDWR,2,0,0,1,1
0.1744263462363826,CACC,4,0,1,1,0
0.27808270453094613,OSIS,2,0,0,1,1
0.17671010836852827,LAUR,7,0,0,0,1
0.9394529322399231,AMBC,4,0,0,0,0
0.4451898332507642,PVAC,1,0,0,0,1
0.15402966307951554,PNNT,4,0,0,0,0
0.03466388952493566,AGIO,8,0,0,1,1
0.17987237607678236,RUTH,0,0,1,1,0
0.2782870015909994,SRCE,4,0,1,1,1
0.2327024632417908,HURN,3,0,0,1,1
0.0,EARS,8,0,0,0,1
0.2500535120056239,WLDN,3,0,1,1,1
0.18310029706224892,SBSI,4,0,1,0,0
0.34053036868698394,QCRH,4,0,1,1,1
0.0866774159670659,HSKA,8,0,1,1,1
0.14030380151467994,RMR,9,0,1,1,0
0.026265199014380906,CARA,8,0,0,1,1
0.0553540031357739,CMRX,8,0,0,0,0
0.003407444048369936,WATT,2,0,0,0,1
0.203102158559253,SBCF,4,0,1,1,0
0.6458038295841948,NNBR,3,0,0,1,1
3.881647335464852,SPKE,10,0,0,1,0
0.23979929146103438,FRME,4,0,1,1,1
0.08154428908836184,IDCC,6,0,0,0,1
0.089822702899376,ROLL,3,0,1,1,0
0.13488449757667378,NSSC,3,0,1,1,1
0.10850078112244001,NEO,8,0,0,1,1
0.14942333721597997,EMKR,2,0,0,1,1
0.2810140851381712,FBNC,4,0,1,1,1
0.1344229132079066,SLRC,4,0,1,1,1
0.429186294428001,MTBC,2,0,0,1,1
0.7831080406449297,NEON,2,0,0,0,1
0.33212347282199706,EGLE,3,0,0,0,1
0.1977853998868125,EGBN,4,0,1,1,0
0.2676198705548101,FRBK,4,0,1,1,0
0.3073549774454429,PEBO,4,0,1,1,0
0.3342706744717472,LOB,4,0,1,1,1
0.18969512123541296,MCRI,0,0,1,1,1
0.38415674603174604,CRNT,2,0,1,0,1
0.23178662267548725,INSG,2,0,0,0,1
0.4234888273832549,CPSI,2,0,0,1,0
0.08494640672628681,CDXC,5,0,0,1,1
0.4417585721934518,BBSI,3,0,1,1,1
0.025702417403249304,ASMB,8,0,0,0,1
0.32566746073560787,FARO,2,0,0,1,0
0.2606888961038872,JRVR,4,0,1,1,0
0.26585571011105286,NBTB,4,0,1,1,0
0.2819099579073277,CMTL,2,0,0,1,1
0.002106971073630827,CRSP,8,0,0,1,1
0.2740031448355182,IVAC,2,0,0,1,1
0.5194053999945684,KFRC,3,0,1,1,0
0.0,CDTX,8,0,0,0,1
0.23822132059808776,CNOB,4,0,1,1,1
0.1363667440151836,GLAD,4,0,1,0,0
0.24352469925942333,UFCS,4,0,0,1,0
0.11891212402195327,CCMP,2,0,1,1,0
0.19525188460643625,TRS,3,0,0,0,0
-0.01176612091314807,MEIP,8,0,0,0,1
0.38144314413320474,CLNE,1,0,0,0,1
0.09971461693125819,XENT,8,0,0,1,0
0.15941388488241945,TCON,8,0,0,0,1
0.1194464237606886,STRA,7,0,0,1,1
3.631455866895464,JAKK,0,0,0,0,0
0.0,NERV,8,0,0,0,1
0.15801192760733807,PDFS,2,0,0,0,1
0.29961605753714365,TBK,4,0,1,1,0
0.2559699494670115,FIBK,4,0,1,1,1
1.22792602935735,MARK,2,0,0,1,1
0.008845742426663836,BLCM,8,0,0,1,1
0.09441313748124232,FFIN,4,0,1,1,0
0.13891890582055355,RGNX,8,0,0,1,1
0.0574476484900965,APPF,2,0,0,1,0
0.16612078632216618,KE,2,0,0,1,1
0.0,MBRX,8,0,0,0,1
0.14051292017039793,AFMD,8,0,0,1,1
0.4691833227747069,ASYS,2,0,0,1,0
0.39023176484346894,APEI,7,0,0,0,0
0.09155569314192516,VICR,2,0,1,1,1
0.0,EIGR,8,0,0,0,1
0.12479260824839872,ATRC,8,0,0,1,1
0.4063114704407049,UEIC,2,0,0,1,1
0.22329643432052543,HTBI,4,0,1,1,0
0.6374551721297897,LYTS,2,0,0,1,1
0.291132745071598,CMPR,0,0,0,1,1
0.06873151275408786,SRDX,8,0,0,1,1
0.009323819459420605,OCUL,8,0,0,0,1
0.21952194778553477,WSBC,4,0,1,1,0
,PFBC,4,0,0,0,0
0.04449682844577815,EPZM,8,0,0,1,1
0.23206937010150022,AIMC,3,0,0,1,1
0.3480363724166783,MFNC,4,0,0,0,1
0.2196314229493866,HMTV,6,0,0,1,1
0.26656309247088544,NVEE,3,0,1,1,1
0.18363634516275,ATRO,3,0,0,1,0
0.0,CFRX,8,0,0,0,1
0.1445774269580033,ENSG,8,0,1,1,1
0.22927595380617866,CYBE,2,0,0,1,1
0.43766315294365876,AMTX,5,0,0,1,1
0.0,RWLK,8,0,0,0,1
0.024541482051794763,NBEV,7,0,0,0,1
0.12254026270450816,ECOL,3,0,1,0,1
0.17003098882179835,SHEN,6,0,1,1,0
0.24831555409458073,ITI,2,0,0,1,1
0.0,LPTX,8,0,0,0,1
2.472550730918705,PRTS,0,0,0,0,1
0.2306983488289723,VBTX,4,0,1,1,1
0.08083988304639171,BCPC,5,0,1,1,0
0.10363567478310136,OTTR,10,0,1,1,1
-0.011202423308210033,VBIV,5,0,0,0,1
0.0420705807445934,TBPH,8,0,0,0,1
0.14126260832462306,PAHC,8,0,1,1,0
0.09115052563164458,QUIK,2,0,0,0,0
0.0,ALDX,8,0,0,0,1
0.21195057303478024,HCKT,3,0,1,1,1
0.35894718307160456,WSBF,4,0,1,1,0
0.11104005406033789,JAGX,8,0,0,0,1
0.16046897688091005,CSII,8,0,0,1,1
0.12099224771105589,PFLT,4,0,1,0,0
0.3376514900236489,ALGT,3,0,0,1,1
0.4839045535592799,MFIN,4,0,0,1,0
0.6589343599080544,FNHC,4,0,0,1,1
0.0,FSV,9,0,1,1,0
0.2201875564394544,RDI,0,0,0,1,1
0.2530145738711242,HTBK,4,0,1,1,1
0.07976252145264706,KNSL,4,0,0,1,1
0.2571415748154595,METC,5,0,0,0,1
0.047696555773819115,NEOG,8,0,1,1,0
0.7616210902192837,HMST,4,0,0,0,1
0.29387400115038476,FFIC,4,0,1,1,1
0.0,GALT,8,0,0,0,1
-0.04350567969563199,RAIL,3,0,0,0,0
0.197142540702422,INDB,4,0,1,1,0
0.0,AUPH,8,0,0,0,1
0.0005114129065210802,NK,8,0,0,0,0
1.2281581445553413,LCUT,0,0,0,0,1
0.17370204497747038,HSTM,2,0,1,1,0
0.221024703133931,VIVE,8,0,0,1,0
0.1843140481280751,FDUS,4,0,1,0,1
0.311068443560921,CIVB,4,0,0,0,1
0.053050596845541614,RKDA,5,0,0,0,1
0.35887075409601343,OFIX,8,0,0,1,0
0.38714502747642376,KVHI,2,0,0,0,1
0.2701780963513986,TTGT,2,0,1,1,1
3.5150952105937927,ARCB,3,0,1,1,1
0.1329897354371489,WABC,4,0,1,1,0
-0.012761720303929563,ACRX,3,0,0,0,1
0.014196177661750225,GLMD,8,0,0,0,1
0.011898856277947133,MDWD,8,0,0,1,1
0.27701368913475255,NOVN,8,0,0,0,0
0.0,ZSAN,8,0,0,0,1
0.077779815000802,CCXI,8,0,0,0,1
0.517294460307347,CNXN,2,0,1,1,0
0.30526389430333895,SONA,4,0,1,1,0
0.12669689536201909,HAYN,3,0,0,0,0
0.004421714240897322,KIN,8,0,0,0,1
0.0,MACK,8,0,0,0,0
0.0,ACST,8,0,0,0,1
0.3274613644375603,FFWM,4,0,1,1,1
0.2813534162163118,CAC,4,0,1,1,0
0.35702759352017466,ANDE,7,0,0,0,1
0.16795255204247037,GOOD,9,0,1,0,1
0.32185471042425184,AMRK,4,0,0,1,0
0.11900700309695111,ATHX,8,0,0,1,1
0.30533064516763214,DGII,2,0,0,1,1
0.49007299945424365,YTRA,0,0,0,0,1
0.5339808052653533,WRLD,4,0,0,0,-1
0.21051929118751805,SYBT,4,0,1,1,0
0.2527122243355287,HWKN,5,0,0,1,1
0.14452791575133347,CEVA,2,0,0,1,1
0.0499419953741705,XOMA,8,0,0,0,1
0.1640663420070087,HCCI,3,0,1,1,1
0.01358486609690495,PULM,8,0,0,0,1
0.011114788945277934,SCYX,8,0,0,0,1
0.1933190554158606,CHCO,4,0,1,1,0
0.7223617702772236,NXTD,3,0,0,1,1
0.3090471283835838,IBCP,4,0,1,1,0
0.2942544749180232,MBWM,4,0,1,1,0
0.4510343960201715,RCKY,0,0,1,0,0
0.12009309934822755,POWI,2,0,1,1,1
0.10613302752309076,NTRA,8,0,0,0,1
0.3216256490222899,PGC,4,0,1,1,1
0.0,MBOT,8,0,0,0,0
0.17392073238626093,NFBK,4,0,1,1,0
0.0,APTO,8,0,0,0,1
0.015079181181221589,SNSS,8,0,0,0,0
0.16181852701289356,JBSS,7,0,1,0,1
0.21167946879586358,LPTH,2,0,0,1,1
0.26614712649982997,TTEC,3,0,0,1,1
0.3675018166054747,FISI,4,0,1,1,1
0.1155540405849786,VCYT,8,0,0,1,0
0.1290938559917459,CGEN,8,0,0,1,1
0.4002853585553756,MOFG,4,0,1,1,1
0.3011696565254973,RNST,4,0,1,1,0
0.261256451320459,FBMS,4,0,0,0,1
0.011497675623518997,ACIU,8,0,0,0,1
1.2213647499182723,KELYA,3,0,0,0,1
0.08974399994178134,MGEN,8,0,0,0,1
3.3047218625710775,SQBG,0,0,0,1,0
0.1868877646592687,ABTX,4,0,1,0,0
0.0,CAMT,2,0,0,1,1
0.23433631056350185,MCBC,4,0,1,1,0
0.3069625132162959,PLUS,2,0,1,1,1
0.0,SELB,8,0,0,0,0
0.30285542397560095,THFF,4,0,1,1,0
0.23720981411809489,RFIL,2,0,1,1,1
0.24172431719741638,PRFT,2,0,1,1,1
0.20983196013548594,CSWI,3,0,0,0,0
0.18554878595295726,BLBD,0,0,1,0,1
0.032367867813251,AMSC,2,0,0,0,0
0.12329668569483603,GAIN,4,0,0,1,0
0.08819410211976679,RAVN,3,0,1,1,1
-0.5112707355840551,WKHS,0,0,0,1,1
0.034870339713175345,CLLS,8,0,0,0,1
0.12038660371814022,JJSF,7,0,1,1,0
0.0,NTEC,8,0,0,0,0
0.10199607346724796,TTEK,3,0,1,1,1
0.26757313143542116,CTBI,4,0,1,1,0
0.0,BATRA,0,0,0,0,1
0.4258337561633241,FBIO,8,0,0,1,1
0.29844964062292223,BSRR,4,0,1,1,0
0.0,NVMI,2,0,1,1,1
0.32339334751911414,ESXB,4,0,0,1,0
0.036688317572305236,RIBT,7,0,0,0,1
0.07374687733849285,GLPG,8,0,0,1,0
0.0,AGRX,8,0,0,0,1
0.34687421300385163,AGTC,8,0,0,1,1
0.32315146359112223,ALLT,2,0,0,0,1
0.0,BANX,4,0,0,0,1
6.3675251591513e-05,CBIO,8,0,0,0,1
0.29540419385634425,HOFT,0,0,1,1,1
0.24971606677482136,ISTR,4,0,1,1,1
0.20227731056089115,LNDC,7,0,1,0,1
0.053349933219157146,NWPX,5,0,0,0,1
0.3067821387734412,PRCP,2,0,0,1,0
0.010935891207374619,SYRS,8,0,0,0,1
0.22880702067995407,WNEB,4,0,1,1,1
1.0684833944543037,SALM,0,0,0,0,1
0.1502350651832346,NEWT,4,0,0,1,0
0.7587731771330702,NH,2,0,0,1,1
0.28799241139940857,HBMD,4,0,0,0,0
0.2587700883721914,SPNE,8,0,0,0,1
0.25854090294864973,FORR,3,0,1,1,1
0.3742930641565905,STRL,3,0,0,1,1
0.110532882513317,MRUS,8,0,0,1,1
0.7177931016824507,MMLP,1,0,1,0,0
0.27430388649135384,HBNC,4,0,1,1,1
0.11202177160207974,MGNX,8,0,0,0,0
0.0,AXSM,8,0,0,0,1
0.24821389498726917,DCOM,4,0,1,1,0
0.21582787583152566,AMOT,2,0,1,1,1
1.0323319867375393,BKEP,1,0,0,1,0
0.2522130907465837,BWFG,4,0,1,1,0
0.28360998705766916,FMBH,4,0,1,1,1
0.059333843729849234,GEOS,1,0,0,0,1
0.25420536658871484,HTBX,8,0,0,0,1
0.3225884929284984,INBK,4,0,1,0,1
0.08082305103534006,KALV,8,0,0,1,1
0.25295470554442,LIND,0,0,0,1,1
0.1530687045035983,MCRB,8,0,0,0,1
0.5322352179265563,PANL,3,0,1,1,1
0.22419140360461032,REPH,8,0,0,0,1
0.2641771954204266,MRAM,2,0,0,0,1
0.09151188549555485,WDFC,5,0,1,1,0
0.48663116331154255,BCBP,4,0,1,0,0
0.36730582161177483,TNAV,2,0,0,1,0
0.0003463548631063972,PSTI,8,0,0,0,1
10.095561665673289,FVE,8,0,0,0,1
1.0749823152784517,LILA,6,0,0,0,1
0.26562827806255596,IEP,3,0,0,0,-1
0.06221349492551141,LMNR,7,0,1,1,1
0.021663035357833642,AGLE,8,0,0,0,1
0.08230839686831658,CERC,8,0,0,0,1
0.00027284347456766624,CBMG,8,0,0,0,1
0.24080648363240725,STKS,0,0,0,1,0
0.0046072670742230044,ASND,8,0,0,0,1
0.8052076985799372,CRMT,0,0,1,1,1
0.28031325738668433,CVCY,4,0,1,1,1
0.15326540605416222,CWCO,10,0,1,1,0
0.3355260192261159,EHTH,4,0,0,1,1
0.29190536522682,KINS,4,0,0,1,1
0.3516216653396757,MRLN,4,0,1,1,1
3.3485757626338652,QIWI,4,0,0,1,0
1.8422029234796156,USAK,3,0,1,1,1
0.38470782806750486,UTSI,6,0,0,1,1
0.39712315179666613,FARM,7,0,0,1,0
0.15550184372692882,ANIK,8,0,0,1,0
0.27269359373442265,BUSE,4,0,1,1,0
0.2593736686069769,HONE,4,0,1,1,1
0.37598078535717766,RNET,2,0,0,0,0
0.20413287728403928,SMBC,4,0,1,1,1
0.009725027177720306,PRQR,8,0,0,1,1
0.22411389097052528,FCBC,4,0,1,1,0
0.0,PCOM,2,0,1,1,0
0.2309068668495014,ATNI,6,0,1,1,1
0.26982062733617673,AIRG,2,0,0,0,1
0.36325897567045196,CNTY,0,0,0,1,1
0.4112588142756285,DAIO,2,0,1,1,1
0.5349388272332817,HEAR,2,0,0,1,1
0.24331039781528233,MRCC,4,0,0,0,0
0.31585740566757453,MTSC,2,0,1,1,0
0.1633100804801867,POWL,3,0,0,0,0
0.39688317491952546,TGLS,5,0,0,1,1
0.4534415094231394,TITN,3,0,0,0,0
0.0016427320351277822,ZYNE,8,0,0,0,1
1.1754496991785877,CTG,2,0,0,1,1
0.41303103303864047,SNOA,8,0,0,0,0
0.03175146916548797,CYRX,0,0,0,0,1
5.59917650159983,WHLR,9,0,0,1,1
0.03507825919613434,RDHL,8,0,0,1,1
0.8633282228962448,PFSW,3,0,0,1,1
0.2847115853845801,TWIN,3,0,0,0,0
1.2520459878542425,CCLP,1,0,0,0,-1
0.33003189323242627,INFI,8,0,0,0,1
0.22203145925888343,VSEC,3,0,1,1,1
0.08207905452013568,MGEE,10,0,1,0,0
0.11702670942129459,CVCO,0,0,1,1,0
0.2739103421032711,SP,3,0,1,0,1
0.2027887756537811,STBA,4,0,1,1,0
0.2504697420117279,TBNK,4,0,1,1,0
0.2629039610277783,BFIN,4,0,1,1,0
0.0,ATOS,8,0,0,0,1
0.8262272726358229,BIOL,8,0,0,0,1
0.0,CIGI,9,0,1,1,1
0.2883762370459928,IOSP,5,0,0,1,1
0.0,MNOV,8,0,0,0,1
1.3190080934280128,NURO,8,0,0,0,1
0.12741844505264519,OXFD,8,0,0,0,1
0.3951120091168954,PCTI,2,0,0,0,1
0.0,PLSE,8,0,0,0,1
0.31888302435367105,RBCAA,4,0,1,1,0
0.0,SBPH,8,0,0,0,0
0.3252559119456367,SRAX,0,0,0,0,1
0.1520911869009199,SUNS,4,0,1,1,1
0.04233068819922223,SNGX,8,0,0,0,0
0.20291692671629094,CSBR,8,0,0,1,1
0.19867452402538532,SPNS,2,0,0,1,1
0.1966622829734371,AVGR,8,0,0,0,1
0.3564989161820589,CCBG,4,0,1,1,0
0.17675435338603784,BMRC,4,0,1,1,0
0.2716532604589154,ESSA,4,0,0,1,0
0.28459293801293756,FFNW,4,0,1,1,0
0.2880481948343569,BOCH,4,0,1,1,0
0.1940676298531135,XONE,3,0,0,1,0
0.22521466885053937,WTBA,4,0,1,1,0
0.5227581805948692,ULH,3,0,1,1,0
0.2384769704785086,AROW,4,0,1,1,0
0.23364590466179916,BANF,4,0,1,1,0
0.29047933619395055,BDGE,4,0,1,1,0
0.0,BELFB,2,0,0,0,1
0.4048968709515021,CHMG,4,0,1,1,0
0.23475475864083048,CPST,2,0,0,0,0
0.25292040000291666,CSTR,4,0,0,0,0
1.753910012956794,DRIO,8,0,0,0,1
0.0,ESLT,3,0,1,1,0
,FRBA,4,0,0,0,1
0.6631440877691995,GASS,3,0,0,1,1
0.16178675300103493,GPP,1,0,1,1,0
0.2583691350946998,JOUT,0,0,1,1,1
0.0,LIFE,8,0,0,0,1
0.015339832053189237,LPCN,8,0,0,0,1
0.0,MYSZ,2,0,0,0,1
0.0,NEPT,8,0,0,1,0
0.10441027922405519,NTIC,5,0,1,1,1
0.07632207957422191,OBLN,8,0,0,0,0
0.2268758999792217,OFS,4,0,0,0,0
0.9125072524855701,QUMU,2,0,0,0,1
0.45145690404559874,SGC,0,0,1,1,1
0.31540696779504346,SMBK,4,0,1,0,1
0.5981797396117945,SOHO,9,0,0,1,0
0.0,TGA,1,0,0,1,1
0.3544204798218138,TTNP,8,0,0,1,0
0.11515321700684823,VTVT,8,0,0,1,0
0.21838016076029892,LMRK,9,0,1,0,0
0.9728363040741782,VRTS,4,0,1,1,1
0.063380725810437,MBII,5,0,0,0,1
0.09074446701938008,YORW,10,0,1,1,1
0.3133183367208904,BMTC,4,0,1,1,0
0.3306443048317546,CPTA,4,0,0,0,-1
1.3056220200935353,PFMT,3,0,0,0,1
0.34177873989939905,PMBC,4,0,1,1,0
0.04338907001175957,ALBO,8,0,0,0,1
0.24047750188721848,JYNT,8,0,0,1,1
0.3549176337917021,GRBK,9,0,1,1,1
0.3153933571037462,MBCN,4,0,1,0,0
0.18142331831283628,NKSH,4,0,1,0,1
0.28373270601925776,AMNB,4,0,1,1,1
0.17240438072212888,LAND,9,0,1,1,1
0.3127345104586152,SHBI,4,0,1,1,1
0.4395048129961744,GFN,3,0,0,1,1
0.2734438546721743,IRIX,8,0,0,0,1
0.0,CYAD,8,0,0,1,1
0.18108157552904178,WIRE,2,0,1,1,1
0.2736187860560208,DWSN,1,0,0,0,1
0.10396505240316939,AMSF,4,0,1,0,1
0.0,AZRX,8,0,0,0,1
0.0,BLPH,8,0,0,0,1
1.313021850924375,BSET,0,0,0,1,0
0.07473314281578465,BSTC,8,0,1,1,0
0.15097281364323734,BWEN,3,0,0,0,1
0.0,CHEK,8,0,0,0,1
0.9985910618278775,CIDM,0,0,0,0,1
0.0,CYCC,8,0,0,0,1
0.5651876237470815,CZWI,4,0,1,1,0
1.5844482334416814,DRAD,8,0,0,1,1
0.3624385384193849,EDAP,8,0,0,0,1
0.05547373645036028,EKSO,8,0,0,0,1
0.03113971685604604,EYES,8,0,0,0,1
0.3011984542132817,FCCY,4,0,1,1,1
1.2078933604943545,FLL,0,0,0,0,1
0.2854066511410245,FMNB,4,0,1,1,0
0.6975866477889391,FSTR,3,0,0,0,1
0.638392944072909,HALL,4,0,0,1,1
0.16303304423396878,IIN,2,0,1,1,1
0.08684636196524159,IRMD,8,0,0,0,1
7.810059356451109,KTOV,8,0,0,0,1
2.127545853780675,LMB,3,0,0,0,0
0.0,MGIC,2,0,1,1,1
0.20176432745766443,MLVF,4,0,1,1,0
0.8151436782195282,OIIM,2,0,0,1,1
3.4085403957744385,PERI,2,0,0,1,1
0.3284715293902826,PFIE,1,0,1,0,1
0.6964863332995123,PKOH,3,0,1,1,1
0.42021982958569926,PPSI,2,0,0,0,1
0.008847579442166973,RGLS,8,0,0,0,0
0.26220300002468155,RVSB,4,0,1,1,1
0.18534267809015578,SANW,7,0,0,0,1
0.0,TNXP,8,0,0,0,0
0.11097186291449758,WHF,4,0,0,1,1
0.0,XENE,8,0,0,0,1
0.11112487154164105,MTLS,2,0,0,1,0
0.059643487559953225,MSEX,10,0,1,1,1
0.2864979469948362,SFST,4,0,1,1,1
0.46641346558982716,FBIZ,4,0,0,1,1
0.003787572405697868,CLIR,3,0,0,1,1
0.16161082820424086,AMSWA,2,0,1,1,1
0.25445396692198935,IRCP,9,0,1,1,-1
0.3109677405920389,NCBS,4,0,1,1,0
0.8684505743511878,LWAY,7,0,0,0,0
0.31060981568298185,FCCO,4,0,1,1,1
0.21866290993435072,SLCT,4,0,1,1,1
0.5140266648114924,SINO,3,0,0,1,1
0.2806530334581195,SAFT,4,0,0,1,0
0.31310791258889537,ICAD,2,0,0,0,1
0.5684083483598059,MICT,3,0,0,0,1
0.4656496372289928,EBMT,4,0,1,1,1
0.40912848845101746,ICBK,4,0,1,1,0
0.298168625675508,FGBI,4,0,0,1,0
0.10138630034971495,MLAB,2,0,0,1,0
0.18179511729249132,PVBC,4,0,1,1,0
0.07924289125959898,SMMT,8,0,0,0,1
0.5125935782743242,AEZS,8,0,0,1,1
0.0,AKTX,8,0,0,0,1
0.26853151396050284,AMRB,4,0,1,1,0
0.06351053980047905,APDN,3,0,0,0,1
0.4394658378134962,APEN,8,0,0,0,0
0.0,APOP,8,0,0,0,1
0.0002055722860657672,AQB,8,0,0,0,1
0.6390359905706531,ATEC,8,0,0,0,1
0.38482483487178376,AUDC,2,0,1,1,1
0.9193178657142603,AVNW,2,0,0,0,1
0.0,BCLI,8,0,0,0,1
0.6518413196018904,BELFA,2,0,1,0,1
0.060772260088685075,BLFS,8,0,0,1,1
0.04982182779794211,BMRA,8,0,0,0,1
0.7088985486615883,BOXL,2,0,0,1,1
0.0,BPTH,8,0,0,0,1
0.0,BYSI,8,0,0,0,1
0.1312141761894312,CAPR,8,0,0,0,1
0.32415733703711447,CBFV,4,0,0,1,0
0.34170164098528755,CCNE,4,0,1,1,0
0.12317099439731438,CEMI,8,0,0,0,0
0.41009762159230084,CFBK,4,0,0,1,0
0.0,CHMA,8,0,0,0,1
0.0,CLBS,8,0,0,0,1
0.16997302294043756,CLFD,2,0,0,1,1
0.0,CLRB,8,0,0,0,1
1.2877571695056964,CLRO,2,0,0,0,0
1.2087895098618588,CNFR,4,0,0,0,0
4.565910566214328,CPSS,4,0,0,1,1
0.12909106977295104,CSWC,4,0,0,1,1
0.10671492019593729,CYRN,2,0,0,0,1
0.2022762497131029,CZNC,4,0,1,1,0
0.14180544219797067,DGLY,3,0,0,0,1
0.43386172914033505,DLHC,3,0,0,1,1
1.0919815251750957,DTEA,7,0,0,0,0
0.8557203776924323,DYNT,8,0,0,0,1
0.3961243555129309,DZSI,2,0,0,1,1
0.4557717698657871,EFOI,2,0,0,0,0
0.0,EPIX,8,0,0,0,1
0.2723563893397863,ESCA,0,0,1,1,1
1.1873436287266586,ESEA,3,0,0,0,1
0.0,EVGN,8,0,0,0,1
0.0,EVOK,8,0,0,0,1
0.0,EXFO,2,0,0,1,0
0.08180222490720854,EYEG,8,0,0,0,1
0.18600093622193786,FLGT,8,0,0,1,1
3.1933661535668505,FPAY,4,0,0,1,0
0.48307284011523133,FSBW,4,0,1,1,1
-0.5140166621987862,GEVO,5,0,0,0,1
-0.02725234263699661,GNUS,0,0,0,0,1
0.1685282125100242,GTIM,0,0,0,1,1
0.0,GTYH,3,0,0,0,0
-0.0073912457754079395,GWGH,4,0,0,0,1
0.3024759259139406,HBCP,4,0,1,1,0
0.1560203979259168,HCAP,4,0,0,0,0
0.17960983976432982,HRZN,4,0,1,0,0
0.13432281664198795,ICCC,8,0,0,0,1
0.5114223039402118,IDXG,8,0,0,0,1
0.7581582131522409,INSE,0,0,0,0,1
0.5991289773342167,INVE,2,0,0,0,1
0.0,IPWR,3,0,0,0,0
0.9345792354573307,IZEA,2,0,0,0,0
1.1460609231110839,JCS,2,0,0,0,1
0.6386207417607949,JVA,7,0,0,0,1
0.0,KMDA,8,0,0,1,1
0.6724597154127211,LAWS,3,0,1,1,1
1.7478817084406848,LINC,7,0,0,0,1
0.1330259033531123,LOAN,4,0,1,1,1
0.5044354052542475,LTRX,2,0,0,0,1
0.029910683638764632,MESO,8,0,0,0,0
0.3230726510981251,MPB,4,0,0,0,0
0.22333019771413468,MSON,8,0,0,1,1
0.0007586288502349427,NDRA,8,0,0,0,1
0.0009105693111564501,NNDM,2,0,0,0,1
0.20389149140295895,NWFL,4,0,1,1,1
0.0,OBSV,8,0,0,0,1
0.6112169194308162,OESX,2,0,0,0,1
0.09768305786109309,OPGN,8,0,0,0,1
0.029495626789006846,ORMP,8,0,0,0,1
0.4216276469554914,ORRF,4,0,1,1,0
0.0,PAVM,8,0,0,0,1
0.27644704645513896,PDEX,8,0,0,1,1
1.278851864455182,PIH,4,0,0,1,1
0.4091444806145259,PROV,4,0,0,0,1
1.4095018631525396,PTSI,3,0,1,1,1
0.19077252833315542,PXS,3,0,0,0,1
0.8096874747901692,QRHC,2,0,0,0,1
1.2499197792816574,RCMT,3,0,0,1,0
0.034496797537539294,REFR,2,0,0,0,1
0.35160468418048296,RNDB,4,0,0,1,1
0.5544280636935961,SAMG,4,0,1,1,1
0.1607813682619738,SELF,9,0,0,1,1
0.00907771817764273,SGLB,2,0,0,0,1
22.91685393258427,SHIP,3,0,0,1,1
0.11847950676766673,SHSP,0,0,0,1,1
0.3116582584660156,SIFY,6,0,1,1,1
0.19058884225066366,SMED,3,0,0,1,1
0.48729343088276544,SMSI,2,0,0,0,1
0.2300162333927515,SMTX,2,0,0,0,1
0.0,SNDE,1,0,0,0,1
0.1418778809079803,SRTS,8,0,0,1,1
0.21990436739270577,SSKN,8,0,0,0,1
1.793668695951628,SUNW,2,0,0,0,0
0.4029293842212182,TACT,2,0,1,0,1
0.012128590332101792,TRCH,1,0,0,0,1
0.0,TRIL,8,0,0,0,1
0.33880129356887495,TRNS,2,0,1,1,1
0.8320413593303535,TZOO,2,0,0,1,1
0.17642273458847066,UNB,4,0,0,1,1
0.2718833783988271,UNTY,4,0,1,1,1
0.2673792104853739,USAP,5,0,0,1,1
0.9070512129710016,VIRC,3,0,0,1,1
0.0,VTGN,8,0,0,0,1
0.7206150635837325,VTNR,3,0,0,0,1
0.0,XBIO,8,0,0,0,1
0.0,XBIT,8,0,0,0,1
0.06681549433480136,YTEN,5,0,0,0,1
